{
  "fraud": {
    "task": "fraud",
    "target": "is_fraud",
    "rows": 5001,
    "class_balance": 0.0635872825434913,
    "models": {
      "logistic_regression": {
        "accuracy": 0.9280719280719281,
        "precision": 0.46551724137931033,
        "recall": 0.84375,
        "f1": 0.6,
        "roc_auc": 0.9637806830309498,
        "pr_auc": 0.7770263387287094
      },
      "random_forest": {
        "accuracy": 0.9470529470529471,
        "precision": 0.8666666666666667,
        "recall": 0.203125,
        "f1": 0.3291139240506329,
        "roc_auc": 0.9332227187833512,
        "pr_auc": 0.6145713146420302
      }
    },
    "best_model": "logistic_regression"
  },
  "delivery": {
    "task": "delivery",
    "target": "late_delivery",
    "rows": 5000,
    "class_balance": 0.596,
    "models": {
      "logistic_regression": {
        "accuracy": 0.653,
        "precision": 0.7195767195767195,
        "recall": 0.6845637583892618,
        "f1": 0.7016337059329321,
        "roc_auc": 0.7079207920792079
      },
      "random_forest": {
        "accuracy": 0.667,
        "precision": 0.700152207001522,
        "recall": 0.7718120805369127,
        "f1": 0.7342378292098962,
        "roc_auc": 0.6927578244401621
      }
    },
    "best_model": "logistic_regression"
  }
}